date,matchday,opponent,minute,time_of_shot_after_entry,player,result,xg,body_part,dominant_foot,final_third_entry,entry_method,type_of_attack,pre_assist,pre_assist_type,assisted_by,assist_type,shot_type,touches_before_shot,zone,distance,shot_angle,beaten_by,linkup_play,shot_under_pressure,defenders_between,defensive_line,overload_zone,defensive_line_shape,number_in_box,transition,defensive_error,opponent_formation,
8/17/2024,1,Wolves,14,6,Benjamin White,saved,0.02,right,yes,left halfspace,normal pass,positional,n/a,normal pass,Declan Rice,normal pass,normal,1,5,medium,straight,n/a,no,yes,3,low,n/a,organized,6,no,no,4231,
8/17/2024,1,Wolves,14,3,Kai Havertz,blocked,0.07,left,yes,right halfspace,normal pass,positional,Martin Odegaard,normal pass,Thomas Partey,normal pass,normal,4,3,close,wide,n/a,no,yes,2,low,n/a,organized,5,no,no,4231,
8/17/2024,1,Wolves,15,4,Bukayo Saka,saved,0.04,left,yes,right halfspace,normal pass,positional,n/a,n/a,Thomas Partey,normal pass,normal,4,3,close,wide,Bukayo Saka,no,yes,2,low,n/a,organized,8,no,no,4231,
8/17/2024,1,Wolves,18,4,Bukayo Saka,saved,0.05,right,no,right,normal pass,positional,Bukayo Saka,normal pass,Kai Havertz,normal pass,normal,0,2,medium,straight,n/a,yes,yes,1,mid,n/a,organized,4,no,no,4231,
8/17/2024,1,Wolves,19,4,Declan Rice,off target,0.09,right,yes,right,normal pass,transition,Kai Havertz,normal pass,Bukayo Saka,driven cross,normal,0,2,close,straight,n/a,no,no,2,low,right,organized,6,yes,no,4231,
8/17/2024,1,Wolves,25,4,Kai Havertz,goal,0.38,head,no,right,dribble,positional,Oleksander Zinchenko,normal pass,Bukayo Saka,floated cross,header,0,1,very close,straight,n/a,no,yes,1,mid,n/a,organized,4,no,no,4231,
8/17/2024,1,Wolves,44,6,Gabriel Martinelli,deflected off target,0.09,right,yes,left,normal pass,positional,Oleksander Zinchenko,normal pass,Declan Rice,through ball,normal,3,4,close,narrow,n/a,yes,yes,4,mid,n/a,organized,7,no,no,4231,
8/17/2024,1,Wolves,50,7,Kai Havertz,off target,0.12,right,no,left,normal pass,transition,Declan Rice,normal pass,Gabriel Martinelli,cutback,finesse,1,2,close,straight,n/a,no,yes,1,mid,n/a,organized,6,yes,no,4231,
8/17/2024,1,Wolves,58,8,Thomas Partey,off target,0.07,left,no,left halfspace,dribble,transition,Gabriel Martinelli,normal pass,Oleksander Zinchenko,cutback,normal,0,5,medium,straight,n/a,no,no,3,mid,left,organized,6,no,no,4231,
8/17/2024,1,Wolves,70,5,Martin Odegaard,saved,0.02,left,yes,right,normal pass,positional,Declan Rice,normal pass,Bukayo Saka,normal pass,normal,1,6,medium,wide,Bukayo Saka,no,yes,4,low,n/a,organized,10,no,no,4231,
8/17/2024,1,Wolves,73,6,Bukayo Saka,goal,0.05,left,yes,left halfspace,dribble,transition,Thomas Partey,normal pass,Kai Havertz,normal pass,normal,6,3,close,wide,Bukayo Saka,no,yes,2,mid,n/a,organized,7,yes,no,4231,
8/24/2024,2,Aston Villa,7,10,Declan Rice,saved,0.04,left,no,left,dribble,transition,Gabriel Martinelli,normal pass,Bukayo Saka,floated cross,normal,0,4,close,wide,n/a,no,yes,2,low,n/a,organized,8,yes,no,442,
8/24/2024,2,Aston Villa,16,8,Bukayo Saka,saved,0.07,left,yes,left,normal pass,positional,Bukayo Saka,normal pass,Martin Odegaard,normal pass,normal,2,3,close,wide,Bukayo Saka,no,yes,2,low,right,organized,7,no,no,442,
8/24/2024,2,Aston Villa,32,4,Thomas Partey,off target,0.02,right,yes,left,normal pass,positional,n/a,n/a,Gabriel Martinelli,normal pass,normal,2,7,medium,straight,n/a,no,yes,3,mid,n/a,organized,5,no,no,442,
8/24/2024,2,Aston Villa,39,7,Kai Havertz,off target,0.61,left,yes,right halfspace,normal pass,positional,Declan Rice,through ball,Gabriel Martinelli,driven cross,normal,0,1,very close,straight,n/a,no,yes,1,low,n/a,organized,7,no,no,442,
8/24/2024,2,Aston Villa,67,9,Leandro Trossard,goal,0.07,right,yes,right halfspace,normal pass,positional,Martin Odegaard,through ball,Bukayo Saka,cutback,normal,0,2,close,straight,n/a,yes,yes,3,low,n/a,organized,9,no,no,442,
8/24/2024,2,Aston Villa,77,10,Thomas Partey,goal,0.05,right,yes,left,through ball over top,positional,Leandro Trossard,driven cross,Bukayo Saka,normal pass,normal,0,5,medium,straight,n/a,no,no,2,mid,n/a,organized,8,no,no,442,
8/24/2024,2,Aston Villa,80,4,Martin Odegaard,off target,0.48,left,yes,left,through ball,positional,Leandro Trossard,normal pass,Declan Rice,cutback,normal,0,2,close,straight,n/a,no,no,1,mid,n/a,organized,6,no,no,442,
8/31/2024,3,Brighton,8,4,Bukayo Saka,saved,0.36,left,yes,right,normal pass,positional,Bukayo Saka,normal pass,Martin Odegaard,chip pass,volley,0,3,close,wide,n/a,yes,no,0,low,n/a,organized,8,no,no,4231,played short from corner
8/31/2024,3,Brighton,18,3,Martin Odegaard,saved,0.31,right,no,left,dribble,positional,Benjamin White,long pass,Leandro Trossard,floated cross,volley,0,2,close,straight,n/a,no,no,0,mid,n/a,organized,5,no,no,4231,
8/31/2024,3,Brighton,38,4,Kai Havertz,goal,0.45,left,yes,middle,clearance,transition,Jurrien Timber,clearance,Bukayo Saka,clearance,chip,0,5,medium,straight,n/a,no,no,0,high,n/a,disjointed,0,yes,yes,4231,
8/31/2024,3,Brighton,45,7,Leandro Trossard,saved,0.05,right,yes,left,through ball over top,positional,n/a,n/a,Gabriel,through ball over top,normal,5,4,close,wide,Leandro Trossard,no,yes,2,high,n/a,organized,6,no,no,4231,
8/31/2024,3,Brighton,74,5,Kai Havertz,saved,0.29,left,yes,middle,clearance,transition,n/a,n/a,Gabriel,clearance,normal,2,2,close,wide,n/a,no,yes,0,high,n/a,disjointed,2,yes,no,4231,playing with 10 men
8/31/2024,3,Brighton,77,5,Bukayo Saka,saved,0.49,left,yes,right,normal pass,transition,Thomas Partey,through ball,Kai Havertz,driven cross,normal,0,2,close,straight,n/a,no,no,0,high,n/a,disjointed,2,yes,no,4231,playing with 10 men
9/15/2024,4,Tottenham Hotspur,18,5,Kai Havertz,blocked,0.11,head,no,left,dribble,positional,Jorginho,pass,Gabriel Martinelli,floated cross,header,0,2,close,straight,Gabriel Martinelli,no,yes,0,low,n/a,organized,8,no,no,433,
9/15/2024,4,Tottenham Hotspur,19,4,Gabriel Martinelli,saved,0.25,right,yes,left halfspace,through ball,positional,Jorginho,pass,Leandro Trossard,through ball,normal,3,4,close,wide,n/a,no,no,0,mid,n/a,organized,3,no,no,433,
9/15/2024,4,Tottenham Hotspur,23,n/a,Leandro Trossard,blocked,0.05,left,no,right corner,set piece,set piece,n/a,n/a,Bukayo Saka,corner,volley,0,2,close,straight,n/a,no,yes,4,low,n/a,organized,10,no,no,433,
9/15/2024,4,Tottenham Hotspur,23,3,Kai Havertz,saved,0.03,head,no,right halfspace,recovery,set piece,n/a,n/a,Bukayo Saka,floated cross,header,0,2,close,straight,n/a,no,yes,1,low,n/a,organized,8,no,no,433,took place right after row 28
9/15/2024,4,Tottenham Hotspur,64,n/a,Gabriel,goal,0.52,head,no,right corner,set piece,set piece,n/a,n/a,Bukayo Saka,corner,header,0,1,very close,straight,n/a,no,no,2,low,n/a,organized,10,no,no,433,
9/22/2024,5,Manchester City,22,8,Riccardo Calafiori,goal,0.02,left,yes,left,through ball over top,transition,Thomas Partey,through ball,Gabriel Martinelli,normal pass,normal,0,7,medium,wide,n/a,no,no,3,low,n/a,organized,9,yes,no,433,free kick taken quickly from partey for pre-assist
9/22/2024,5,Manchester City,38,n/a,Gabriel,off target,0.48,head,no,right corner,set piece,set piece,n/a,n/a,Bukayo Saka,corner,header,0,1,very close,straight,n/a,no,yes,1,low,n/a,organized,10,no,no,433,
9/22/2024,5,Manchester City,42,5,Leandro Trossard,off target,0.1,right,yes,left halfspace,normal pass,positional,Gabriel,through ball,Gabriel Martinelli,cutback,normal,0,2,close,straight,n/a,no,yes,1,mid,left,organized,7,no,no,433,
9/22/2024,5,Manchester City,45,n/a,Gabriel,goal,0.6,head,no,right corner,set piece,set piece,n/a,n/a,Bukayo Saka,corner,header,0,1,very close,straight,n/a,no,yes,0,low,n/a,organized,10,no,no,433,
9/22/2024,5,Manchester City,96,n/a,Kai Havertz,saved,0.09,left,yes,right halfspace,recovery,set piece,n/a,n/a,n/a,n/a,volley,0,3,close,straight,n/a,no,yes,0,mid,n/a,organized,2,yes,yes,433,"with 10 men, very scrappy"
9/28/2024,6,Leicester City,13,10,Jurrien Timber,blocked,0.05,right,yes,right,normal pass,positional,Bukayo Saka,normal pass,Thomas Partey,normal pass,normal,1,3,close,wide,Bukayo Saka,yes,yes,1,low,n/a,organized,8,no,no,4231,
9/28/2024,6,Leicester City,20,6,Gabriel Martinelli,goal,0.3,right,yes,right,dribble,positional,Bukayo Saka,through ball,Jurrien Timber,driven cross,normal,0,2,close,straight,n/a,no,yes,2,low,right,organized,8,no,no,4231,overlap from Timber
9/28/2024,6,Leicester City,34,7,Gabriel Martinelli,off target,0.06,right,yes,right,dribble,positional,Kai Havertz,through ball,Jurrien Timber,floated cross,volley,0,2,close,straight,n/a,no,no,2,low,right,organized,8,no,no,4231,
9/28/2024,6,Leicester City,45,4,Leandro Trossard,goal,0.44,right,yes,left halfspace,dribble,positional,Declan Rice,normal pass,Gabriel Martinelli,normal pass,normal,0,2,close,straight,n/a,no,no,1,low,n/a,organized,9,no,no,4231,
9/28/2024,6,Leicester City,47,8,Kai Havertz,blocked,0.07,head,no,left,dribble,transition,Kai Havertz,normal pass,Gabriel Martinelli,floated cross,header,0,2,close,straight,n/a,no,yes,1,low,n/a,organized,8,yes,no,4231,
9/28/2024,6,Leicester City,56,5,Bukayo Saka,off target,0.05,right,no,right,normal pass,positional,Kai Havertz,normal pass,Jurrien Timber,through ball,normal,1,3,close,narrow,n/a,yes,yes,0,mid,n/a,organized,7,no,no,4231,
9/28/2024,6,Leicester City,75,n/a,Gabriel,saved,0.04,left,yes,left corner,recovery,set piece,n/a,n/a,Bukayo Saka,normal pass,normal,1,3,close,wide,n/a,no,no,1,low,n/a,organized,8,no,no,4231,
9/28/2024,6,Leicester City,86,5,Ethan Nwaneri,saved,0.02,left,yes,right,dribble,positional,n/a,n/a,Jurrien Timber,normal pass,normal,7,8,far,straight,Ethan Nwaneri,no,no,3,low,n/a,organized,5,no,no,4231,
9/28/2024,6,Leicester City,94,n/a,Leandro Trossard,own goal,0.03,left,no,right corner,set piece,positional,n/a,n/a,Bukayo Saka,corner,volley,0,4,close,wide,n/a,no,no,5,low,n/a,organized,9,yes,no,4231,
9/28/2024,6,Leicester City,99,8,Gabriel Jesus,saved,0.1,right,yes,right halfspace,dribble,transition,n/a,n/a,Ethan Nwaneri,normal pass,finesse,7,3,close,wide,n/a,no,yes,3,high,n/a,disjointed,3,no,yes,4231,
9/28/2024,6,Leicester City,99,9,Kai Havertz,goal,0.89,other,no,right halfspace,dribble,transition,n/a,n/a,n/a,n/a,normal,0,1,very close,straight,n/a,no,no,4,high,n/a,disjointed,4,yes,yes,4231,
10/5/2024,7,Southampton,4,n/a,Gabriel,blocked,0.2,head,no,right corner,set piece,set piece,n/a,n/a,Bukayo Saka,corner,header,0,1,very close,straight,n/a,no,yes,2,low,n/a,organized,10,no,no,541,
10/5/2024,7,Southampton,4,n/a,Gabriel Jesus,blocked,0.13,left,no,right corner,recovery,set piece,n/a,n/a,n/a,n/a,volley,1,2,close,straight,n/a,no,yes,4,low,n/a,organized,10,no,no,541,
10/5/2024,7,Southampton,5,5,Gabriel Jesus,blocked,0.12,right,yes,right,dribble,positional,Kai Havertz,normal pass,Bukayo Saka,driven cross,normal,1,2,close,straight,Bukayo Saka,no,yes,2,low,n/a,organized,8,no,no,541,
10/5/2024,7,Southampton,11,n/a,Kai Havertz,off target,0.08,head,no,left corner,set piece,set piece,n/a,n/a,Declan Rice,corner,header,0,1,close,straight,n/a,no,yes,1,low,n/a,organized,10,no,no,541,
10/5/2024,7,Southampton,15,10,Bukayo Saka,blocked,0.06,right,no,left,dribble,positional,Raheem Sterling,normal pass,Gabriel,floated cross,normal,3,3,close,wide,n/a,no,yes,3,low,n/a,organized,9,no,no,541,
10/5/2024,7,Southampton,20,6,Bukayo Saka,blocked,0.07,left,yes,right halfspace,recovery,transition,Bukayo Saka,normal pass,Gabriel Jesus,normal pass,normal,2,3,close,wide,n/a,no,yes,1,mid,n/a,organized,7,no,no,541,
10/5/2024,7,Southampton,30,4,Kai Havertz,blocked,0.09,right,no,left halfspace,recovery,transition,Declan Rice,normal pass,Gabriel Jesus,normal pass,normal,1,2,close,straight,n/a,no,yes,1,mid,n/a,organized,6,no,no,541,
10/5/2024,7,Southampton,40,3,Bukayo Saka,blocked,0.06,left,yes,left,dribble,positional,Bukayo Saka,normal pass,Jorginho,normal pass,normal,5,3,close,wide,n/a,no,yes,3,low,n/a,organized,9,no,no,541,
10/5/2024,7,Southampton,40,n/a,Jorginho,off target,0.04,right,yes,middle,recovery,positional,n/a,n/a,n/a,n/a,normal,1,5,medium,straight,n/a,no,no,4,low,n/a,organized,9,no,no,541,
10/5/2024,7,Southampton,45,5,Raheem Sterling,blocked,0.11,right,yes,left halfspace,dribble,transition,Kai Havertz,normal pass,Gabriel Jesus,normal pass,normal,5,2,close,straight,Raheem Sterling,no,yes,1,high,n/a,organized,6,yes,no,541,
10/5/2024,7,Southampton,46,6,Thomas Partey,saved,0.03,right,yes,right halfspace,normal pass,positional,Kai Havertz,normal pass,Bukayo Saka,normal pass,normal,0,5,medium,wide,n/a,no,no,2,low,n/a,organized,9,no,no,541,
10/5/2024,7,Southampton,58,2,Kai Havertz,goal,0.27,left,yes,right halfspace,normal pass,transition,n/a,n/a,Bukayo Saka,normal pass,normal,1,2,close,straight,n/a,no,yes,1,high,n/a,disjointed,2,yes,no,541,
10/5/2024,7,Southampton,64,10,Thomas Partey,deflected off target,0.04,right,yes,left,normal pass,positional,Gabriel Martinelli,normal pass,Mikel Merino,normal pass,normal,1,5,medium,straight,n/a,no,yes,4,low,n/a,organized,9,no,no,541,
10/5/2024,7,Southampton,68,6,Gabriel Martinelli,goal,0.59,left,no,right,dribble,positional,n/a,n/a,Bukayo Saka,floated cross,volley,0,1,very close,straight,Bukayo Saka,no,no,0,mid,n/a,organized,6,no,no,541,
10/5/2024,7,Southampton,73,10,Bukayo Saka,saved,0.09,left,yes,right halfspace,normal pass,positional,n/a,n/a,Leandro Trossard,normal pass,normal,5,3,close,wide,Bukayo Saka,no,no,2,low,n/a,organized,10,no,no,541,
10/5/2024,7,Southampton,80,5,Kai Havertz,off target,0.07,right,no,middle,normal pass,transition,n/a,n/a,Leandro Trossard,through ball,normal,4,3,close,narrow,n/a,no,yes,0,high,n/a,organized,3,no,no,541,
10/5/2024,7,Southampton,88,4,Bukayo Saka,goal,0.09,right,no,middle,dribble,transition,n/a,n/a,n/a,n/a,normal,0,2,close,straight,n/a,no,yes,1,high,n/a,disjointed,4,yes,yes,541,"Trossard dribbled into box to then get tackled, tackle went to saka"
10/19/2024,8,Bournemouth,35,10,Mikel Merino,off target,0.08,left,yes,left halfspace,normal pass,positional,Leandro Trossard,pass,Raheem Sterling,floated cross,normal,1,2,close,straight,Raheem Sterling,no,yes,1,mid,n/a,organized,8,yes,no,4231,down to ten men
10/19/2024,8,Bournemouth,46,8,Thomas Partey,off target,0.05,right,yes,right halfspace,recovery,positional,n/a,n/a,n/a,n/a,volley,0,5,medium,straight,Declan Rice,no,yes,5,low,n/a,organized,9,no,no,4231,down to ten men
10/27/2024,9,Liverpool,9,4,Bukayo Saka,goal,0.24,left,yes,right halfspace,through ball over top,positional,n/a,n/a,Ben White,through ball over top,normal,2,3,close,wide,Bukayo Saka,no,yes,0,high,n/a,organized,4,no,no,433,
10/27/2024,9,Liverpool,24,4,Bukayo Saka,off target,0.05,left,yes,right halfspace,normal pass,positional,Thomas Partey,normal pass,Kai Havertz,normal pass,normal,3,5,medium,straight,Bukayo Saka,no,yes,3,low,n/a,organized,4,no,no,433,
10/27/2024,9,Liverpool,30,7,Kai Havertz,off target,0.11,left,yes,left halfspace,through ball over top,positional,Leandro Trossard,through ball over top,Gabriel Martinelli,floated cross,volley,0,2,close,straight,n/a,no,yes,2,mid,n/a,organized,6,no,no,433,very scrappy
10/27/2024,9,Liverpool,43,n/a,Mikel Merino,goal,0.46,head,no,free kick,set piece,set piece,n/a,n/a,Declan Rice,cross from free kick,header,0,1,very close,straight,n/a,no,no,0,low,n/a,organized,9,no,no,433,
10/27/2024,9,Liverpool,77,3,Kai Havertz,off target,0.06,left,yes,left halfspace,recovery,positional,Declan Rice,pass,Mikel Merino,normal pass,volley,0,5,medium,straight,n/a,no,yes,1,low,n/a,organized,6,no,no,433,
10/27/2024,9,Liverpool,87,10,Gabriel Jesus,blocked,0.09,right,yes,left,through ball,transition,Leandro Trossard,through ball,Kai Havertz,floated cross,volley,0,1,very close,narrow,n/a,no,yes,1,high,left,organized,8,yes,no,433,
10/27/2024,9,Liverpool,88,n/a,Gabriel Jesus,saved,0.02,right,yes,right corner,set piece,set piece,n/a,n/a,n/a,n/a,volley,2,5,medium,straight,Gabriel Jesus,no,no,2,mid,n/a,organized,7,no,no,433,
11/2/2024,10,Newcastle,11,6,Bukayo Saka,off target,0.05,left,yes,middle,through ball over top,positional,David Raya,through ball over top,Jurrien Timber,normal pass,normal,3,3,close,wide,n/a,no,yes,2,high,n/a,organized,6,no,no,433,
11/2/2024,10,Newcastle,18,3,Bukayo Saka,off target,0.06,head,no,left,through ball,positional,Gabriel Martinelli,through ball,Kai Havertz,floated cross,header,0,1,close,straight,n/a,no,yes,1,low,n/a,organized,7,no,no,433,
11/2/2024,10,Newcastle,26,n/a,Mikel Merino,blocked,0.14,head,no,left corner,set piece,set piece,n/a,n/a,n/a,n/a,header,0,1,very close,straight,n/a,no,no,4,low,n/a,organized,10,no,no,433,
11/2/2024,10,Newcastle,26,n/a,Jurrien Timber,blocked,0.06,right,yes,left corner,set piece,set piece,n/a,n/a,Gabriel,normal pass,normal,0,2,close,straight,n/a,no,no,8,low,n/a,organized,10,no,no,433,
11/2/2024,10,Newcastle,64,4,Declan Rice,deflected off target,0.07,right,yes,left halfspace,dribble,positional,n/a,n/a,Thomas Partey,normal pass,normal,9,2,close,wide,Declan Rice,no,yes,3,mid,n/a,organized,8,no,no,433,
11/2/2024,10,Newcastle,68,n/a,Leandro Trossard,blocked,0.04,right,yes,left corner,set piece,set piece,n/a,n/a,Declan Rice,corner,volley,0,3,close,narrow,n/a,no,yes,6,low,n/a,organized,10,no,no,433,
11/2/2024,10,Newcastle,93,3,Declan Rice,off target,0.44,head,no,right,normal pass,positional,Ethan Nwaneri,normal pass,Bukayo Saka,floated cross,header,0,1,very close,straight,Bukayo Saka,no,yes,0,low,n/a,organized,7,no,no,433,
11/10/2024,11,Chelsea,60,10,Gabriel Martinelli,goal,0.32,right,yes,left halfspace,normal pass,transition,Thomas Partey,normal pass,Martin Odegaard,through ball over top,normal,1,1,very close,narrow,n/a,no,no,1,high,n/a,disjointed,6,yes,no,4231,
11/10/2024,11,Chelsea,66,4,Jurrien Timber,off target,0.04,right,yes,middle,dribble,positional,n/a,n/a,Gabriel,normal pass,normal,6,5,medium,straight,Jurrien Timber,no,yes,1,mid,n/a,organized,0,no,no,4231,"solo run from Timber, reason for why there's no people in box"
11/10/2024,11,Chelsea,96,4,Leandro Trossard,off target,0.49,right,yes,left halfspace,normal pass,positional,Martin Odegaard,through ball,William Saliba,driven cross,normal,0,1,very close,straight,n/a,no,no,0,high,left,organized,6,no,no,4231,
11/23/2024,12,Nottingham Forest,2,9,Leandro Trossard,saved,0.5,right,yes,left,normal pass,positional,n/a,n/a,Bukayo Saka,normal pass,normal,0,2,close,straight,n/a,no,no,0,low,n/a,organized,7,no,no,4231,"very scrappy play: starts from recovery from corner on the left. cross goes in, defender clears to Saka who scuffs shot that bounces to Trossard."
11/23/2024,12,Nottingham Forest,14,4,Martin Odegaard,blocked,0.1,left,yes,left,dribble,positional,Gabriel,normal pass,Leandro Trossard,normal pass,normal,0,2,close,straight,Leandro Trossard,no,no,2,low,n/a,organized,5,no,no,4231,not intentional pass from Trossard to odegaard
11/23/2024,12,Nottingham Forest,15,7,Bukayo Saka,goal,0.1,left,yes,right halfspace,normal pass,positional,Bukayo Saka,normal pass,Martin Odegaard,normal pass,normal,5,2,close,straight,Bukayo Saka,yes,no,3,low,n/a,organized,7,no,no,4231,
11/23/2024,12,Nottingham Forest,26,7,Gabriel Jesus,off target,0.11,right,yes,right,normal pass,positional,Mikel Merino,normal pass,Jorginho,normal pass,finesse,1,2,close,straight,n/a,yes,no,2,low,n/a,organized,6,no,no,4231,
11/23/2024,12,Nottingham Forest,40,6,Bukayo Saka,blocked,0.11,left,yes,right halfspace,dribble,transition,Bukayo Saka,through ball,Jurrien Timber,cutback,normal,1,2,close,straight,n/a,yes,no,3,mid,n/a,organized,7,no,no,4231,
11/23/2024,12,Nottingham Forest,40,10,Leandro Trossard,saved,0.06,right,yes,right halfspace,dribble,transition,n/a,n/a,Bukayo Saka,normal pass,normal,0,3,close,wide,n/a,yes,yes,1,mid,n/a,organized,7,no,no,4231,took place right after shot in row 87 got blocked
11/23/2024,12,Nottingham Forest,42,6,Bukayo Saka,saved,0.06,left,yes,right halfspace,dribble,positional,Martin Odegaard,normal pass,Gabriel Jesus,normal pass,finesse,0,3,close,wide,Martin Odegaard,yes,no,2,mid,n/a,organized,6,no,no,4231,
11/23/2024,12,Nottingham Forest,51,7,Thomas Partey,goal,0.03,right,yes,right halfspace,normal pass,positional,Martin Odegaard,normal pass,Bukayo Saka,normal pass,normal,1,5,close,wide,n/a,no,no,2,mid,n/a,organized,7,no,no,4231,
11/23/2024,12,Nottingham Forest,84,3,Ethan Nwaneri,off target,0.07,left,yes,right,dribble,positional,Thomas Partey,normal pass,Jurrien Timber,normal pass,finesse,9,3,close,wide,Ethan Nwaneri,no,yes,1,mid,n/a,organized,5,no,no,4231,
11/23/2024,12,Nottingham Forest,86,5,Ethan Nwaneri,goal,0.13,left,yes,right halfspace,dribble,positional,Ethan Nwaneri,normal pass,Raheem Sterling,cutback,normal,0,2,close,straight,n/a,yes,no,2,mid,n/a,organized,6,no,no,4231,fre kick taken quickly to break forest's midfield line
11/23/2024,12,Nottingham Forest,92,n/a,Gabriel,off target,0.04,left,yes,right corner,set piece,set piece,n/a,n/a,Ethan Nwaneri,corner,volley,0,4,close,narrow,n/a,no,no,3,low,n/a,disjointed,10,no,no,4231,
11/30/2024,13,West Ham,10,n/a,Gabriel,goal,0.44,head,no,right corner,set piece,set piece,n/a,n/a,Bukayo Saka,corner,header,0,1,very close,straight,n/a,no,no,2,low,n/a,organized,10,no,no,4231,
11/30/2024,13,West Ham,22,7,Bukayo Saka,off target,0.08,left,yes,middle,dribble,transition,Kai Havertz,normal pass,Martin Odegaard,normal pass,finesse,1,3,close,wide,n/a,no,no,1,high,n/a,disjointed,5,yes,yes,4231,
11/30/2024,13,West Ham,25,n/a,Jurrien Timber,saved,0.05,head,no,right corner,set piece,set piece,n/a,n/a,Bukayo Saka,corner,header,0,1,very close,wide,n/a,no,yes,1,low,n/a,organized,10,no,no,4231,
11/30/2024,13,West Ham,27,7,Leandro Trossard,goal,0.79,right,yes,right,dribble,positional,Martin Odegaard,through ball,Bukayo Saka,normal pass,normal,0,1,very close,straight,n/a,yes,no,0,low,n/a,organized,7,no,no,4231,
11/30/2024,13,West Ham,33,n/a,Martin Odegaard,goal,0.76,left,yes,right,dribble,penalty,n/a,n/a,Bukayo Saka,penalty drawn,penalty,0,2,close,straight,Bukayo Saka,no,no,0,low,n/a,organized,6,no,no,4231,penalty drawn by Bukayo Saka beating two defenders
11/30/2024,13,West Ham,36,3,Kai Havertz,goal,0.51,left,yes,middle,through ball over top,transition,Martin Odegaard,normal pass,Leandro Trossard,through ball over top,normal,2,2,close,straight,n/a,no,no,0,high,n/a,disjointed,1,yes,no,4231,
11/30/2024,13,West Ham,50,n/a,Bukayo Saka,goal,0.76,left,yes,right corner,set piece,penalty,n/a,n/a,Gabriel,penalty drawn,penalty,0,2,close,straight,n/a,no,no,0,low,n/a,organized,1,no,no,4231,
11/30/2024,13,West Ham,59,5,Martin Odegaard,saved,0.04,left,yes,right,normal pass,positional,n/a,n/a,Oleksander Zinchenko,normal pass,normal,3,5,medium,straight,n/a,no,yes,3,low,n/a,organized,6,no,no,4231,
11/30/2024,13,West Ham,85,8,Raheem Sterling,off target,0.1,left,no,middle,dribble,transition,n/a,n/a,Declan Rice,normal pass,normal,4,4,close,wide,n/a,no,yes,1,high,n/a,organized,6,no,no,4231,
11/30/2024,13,West Ham,89,n/a,Raheem Sterling,off target,0.08,right,yes,direct freekick,set piece,set piece,n/a,n/a,n/a,n/a,free kick,0,6,medium,wide,n/a,no,yes,7,low,n/a,organized,10,no,no,4231,
11/30/2024,13,West Ham,94,10,Gabriel Jesus,off target,0.09,right,yes,middle,through ball,transition,Gabriel Jesus,through ball,Raheem Sterling,through ball,normal,6,4,close,wide,Gabriel Jesus,no,yes,2,high,n/a,organized,8,yes,no,4231,
12/4/2024,14,Manchester United,22,n/a,Thomas Partey,off target,0.02,head,no,right corner,recovery,set piece,Martin Odegaard,normal pass,Bukayo Saka,floated cross,header,0,2,close,straight,n/a,no,yes,3,low,n/a,organized,10,no,no,343,corner bounced to odegaard
12/4/2024,14,Manchester United,25,n/a,Oleksandr ZInchenko,blocked,0.06,left,yes,right corner,set piece,set piece,n/a,n/a,n/a,n/a,normal,1,4,close,wide,n/a,no,yes,2,low,n/a,organized,9,no,no,343,
12/4/2024,14,Manchester United,25,n/a,Gabriel Martinelli,off target,0.47,left,no,right corner,set piece,set piece,n/a,n/a,n/a,n/a,normal,0,2,close,straight,n/a,no,yes,3,low,n/a,organized,9,no,no,343,
12/4/2024,14,Manchester United,48,5,Gabriel Martinelli,blocked,0.04,right,yes,left halfspace,through ball,transition,n/a,n/a,Declan Rice,through ball,normal,3,4,close,wide,n/a,no,yes,1,high,n/a,disjointed,3,yes,no,343,
12/4/2024,14,Manchester United,49,5,Declan Rice,deflected off target,0.09,right,yes,right halfspace,through ball over top,positional,Jurrien Timber,cutback,Martin Odegaard,normal pass,normal,0,2,close,straight,n/a,no,yes,3,mid,n/a,organized,9,no,no,343,
12/4/2024,14,Manchester United,54,n/a,Jurrien Timber,goal,0.32,head,no,left corner,set piece,set piece,n/a,n/a,Declan Rice,corner,header,0,1,very close,wide,n/a,no,yes,1,low,n/a,organized,10,no,no,343,
12/4/2024,14,Manchester United,58,6,Bukayo Saka,saved,0.13,left,yes,right,dribble,positional,Bukayo Saka,normal pass,Martin Odegaard,through ball,normal,1,2,close,straight,n/a,yes,no,1,low,n/a,organized,7,no,no,343,
12/4/2024,14,Manchester United,73,n/a,William Saliba,goal,0.96,other,no,right corner,set piece,set piece,Bukayo Saka,corner,Thomas Partey,normal pass,volley,0,1,very close,straight,n/a,no,yes,1,low,n/a,organized,10,no,no,343,
12/4/2024,14,Manchester United,75,6,Kai Havertz,saved,0.44,left,yes,left halfspace,recovery,transition,Leandro Trossard,normal pass,Martin Odegaard,through ball,normal,1,1,very close,narrow,n/a,no,yes,0,high,n/a,disjointed,6,yes,no,343,
12/4/2024,14,Manchester United,77,n/a,Mikel Merino,off target,0.19,head,no,right corner,set piece,set piece,n/a,n/a,Bukayo Saka,corner,header,0,2,close,straight,n/a,no,no,0,low,n/a,organized,10,no,no,343,
12/4/2024,14,Manchester United,90,n/a,Thomas Partey,saved,0.06,head,no,left corner,set piece,set piece,n/a,n/a,Declan Rice,corner,header,0,1,very close,straight,n/a,no,yes,1,low,n/a,organized,10,no,no,343,
12/8/2024,15,Fulham,24,3,Declan Rice,off target,0.04,left,no,left halfspace,through ball over top,positional,Jurrien Timber,normal pass,Leandro Trossard,through ball over top,normal,0,4,close,wide,n/a,no,no,0,high,n/a,organized,1,no,no,4231,great run from Rice to break the last line
12/8/2024,15,Fulham,37,7,Bukayo Saka,saved,0.05,right,no,right,normal pass,positional,Declan Rice,normal pass,Martin Odegaard,normal pass,normal,10,3,close,wide,Bukayo Saka,no,yes,1,mid,n/a,organized,8,no,no,4231,
12/8/2024,15,Fulham,52,n/a,William Saliba,goal,0.94,left,no,left corner,set piece,set piece,Declan Rice,corner,Kai Havertz,driven cross,normal,0,1,very close,straight,n/a,no,no,0,low,n/a,organized,10,no,no,4231,
12/8/2024,15,Fulham,57,6,Leandro Trossard,saved,0.06,right,yes,left halfspace,dribble,transition,Bukayo Saka,normal pass,Jurrien Timber,normal pass,normal,2,4,close,wide,n/a,no,yes,2,mid,n/a,organized,7,yes,no,4231,
12/8/2024,15,Fulham,70,n/a,Thomas Partey,off target,0.46,head,no,left corner,set piece,set piece,n/a,n/a,Declan Rice,corner,header,0,1,very close,straight,n/a,no,no,1,low,n/a,organized,10,no,no,4231,
12/14/2024,16,Everton,29,5,Martin Odegaard,saved,0.43,left,yes,right halfspace,through ball,positional,Kai Havertz,through ball,Bukayo Saka,driven cross,normal,1,2,close,straight,Bukayo Saka,no,yes,3,mid,n/a,organized,6,no,no,433,
12/14/2024,16,Everton,46,4,Bukayo Saka,saved,0.09,left,yes,right,floated cross,positional,Martin Odegaard,floated cross,Mikel Merino,duel,volley,0,2,close,straight,n/a,no,no,1,low,n/a,organized,6,no,no,433,"Odegaard floats in cross, Merino duels, drops to Saka"
12/21/2024,17,Crystal Palace,6,7,Gabriel Jesus,goal,0.39,right,yes,right,dribble,positional,Bukayo Saka,floated cross,Gabriel,normal pass,normal,0,2,close,straight,Bukayo Saka,no,yes,2,low,n/a,organized,9,no,no,343,
12/21/2024,17,Crystal Palace,15,n/a,Gabriel Jesus,goal,0.04,right,yes,left corner,set piece,set piece,Gabriel Martinelli,corner,Thomas Partey,normal pass,normal,0,2,close,straight,n/a,no,yes,4,low,n/a,organized,7,no,no,343,
12/21/2024,17,Crystal Palace,37,n/a,Gabriel,off target,0.47,head,no,right corner,set piece,set piece,n/a,n/a,Martin Odegaard,corner,header,0,1,very close,straight,n/a,no,yes,1,low,n/a,organized,9,no,no,343,
12/21/2024,17,Crystal Palace,38,6,Gabriel Jesus,off target,0.1,head,no,right,dribble,positional,Martin Odegaard,normal pass,Gabriel Martinelli,floated cross,header,0,2,close,straight,Gabriel Martinelli,no,no,0,mid,n/a,organized,8,no,no,343,
12/21/2024,17,Crystal Palace,38,6,Kai Havertz,goal,0.91,right,no,right,dribble,positional,n/a,n/a,n/a,n/a,normal,0,1,very close,straight,Gabriel Martinelli,no,no,0,mid,n/a,organized,8,no,no,343,"was wide open due to shot in row 126, analyze this further"
12/21/2024,17,Crystal Palace,48,7,Martin Odegaard,blocked,0.12,left,yes,left halfspace,normal pass,transition,Martin Odegaard,through ball,Gabriel Martinelli,duel,normal,0,2,close,straight,n/a,no,yes,4,mid,n/a,organized,7,yes,no,343,
12/21/2024,17,Crystal Palace,60,4,Gabriel Jesus,saved,0.44,left,no,left,through ball over top,positional,Gabriel,through ball over top,Leandro Trossard,driven cross,normal,0,2,close,straight,n/a,no,no,0,mid,n/a,organized,5,no,no,343,
12/21/2024,17,Crystal Palace,60,6,Gabriel Martinelli,goal,0.78,right,yes,left,through ball over top,positional,n/a,n/a,Declan Rice,driven cross,normal,0,1,very close,straight,n/a,no,no,0,mid,n/a,organized,7,no,no,343,same play as row 129.
12/21/2024,17,Crystal Palace,84,4,Declan Rice,goal,0.05,right,yes,left,normal pass,positional,Gabriel Jesus,normal pass,Riccardo Calafiori,normal pass,finesse,1,4,close,wide,n/a,no,no,1,low,n/a,organized,6,no,no,343,
12/27/2024,18,Ipswich Town,19,2,Jurrien Timber,saved,0.02,right,yes,middle,dribble,positional,Gabriel,normal pass,William Saliba,normal pass,normal,7,8,far,straight,Jurrien Timber,no,no,1,mid,n/a,organized,0,no,no,343,solo run by Timber
12/27/2024,18,Ipswich Town,23,3,Kai Havertz,goal,0.61,right,no,left halfspace,dribble,positional,n/a,n/a,Leandro Trossard,driven cross,normal,0,1,very close,straight,Leandro Trossard,no,no,0,low,n/a,organized,9,no,no,343,
12/27/2024,18,Ipswich Town,30,10,Declan Rice,off target,0.03,right,yes,left halfspace,normal pass,positional,Leandro Trossard,normal pass,Gabriel,normal pass,normal,1,7,medium,straight,n/a,no,yes,3,low,n/a,organized,8,no,no,343,
12/27/2024,18,Ipswich Town,63,n/a,Gabriel,off target,0.49,head,no,left corner,set piece,set piece,n/a,n/a,Declan Rice,corner,header,0,1,very close,straight,n/a,no,yes,2,low,n/a,organized,10,no,no,343,
12/27/2024,18,Ipswich Town,73,6,Martin Odegaard,saved,0.09,left,yes,right halfspace,dribble,positional,n/a,n/a,Gabriel Martinelli,normal pass,normal,12,3,close,wide,Martin Odegaard,no,yes,2,low,n/a,organized,8,no,no,343,
12/27/2024,18,Ipswich Town,74,n/a,Declan Rice,blocked,0.04,right,yes,right corner,set piece,set piece,n/a,n/a,Martin Odegaard,corner,volley,0,2,close,straight,n/a,no,yes,8,low,n/a,organized,10,no,no,343,
12/27/2024,18,Ipswich Town,75,6,Kai Havertz,saved,0.49,right,no,right halfspace,normal pass,positional,Mikel Merino,through ball over top,Leandro Trossard,cutback,normal,0,1,very close,straight,n/a,yes,no,0,low,n/a,organized,8,no,no,343,
12/27/2024,18,Ipswich Town,77,4,Mikel Merino,saved,0.07,left,yes,right halfspace,normal pass,positional,Declan Rice,normal pass,Martin Odegaard,normal pass,normal,6,3,close,wide,n/a,no,yes,2,mid,n/a,organized,7,no,no,343,
1/1/2025,19,Brentford,29,10,Gabriel Martinelli,blocked,0.11,right,yes,right,dribble,positional,William Saliba,normal pass,Gabriel,through ball,normal,1,2,close,straight,n/a,no,yes,2,low,n/a,organized,8,no,no,442,started fromtransition but took too long for defense to recover
1/1/2025,19,Brentford,29,10,Thomas Partey,saved,0.03,right,yes,right,dribble,positional,n/a,n/a,Gabriel Martinelli,normal pass,normal,0,5,medium,straight,n/a,no,yes,3,low,n/a,organized,6,no,no,442,same play as row 140 and 142
1/1/2025,19,Brentford,29,10,Gabriel Jesus,goal,0.43,head,no,right,dribble,positional,n/a,n/a,n/a,n/a,normal,0,1,very close,straight,n/a,no,yes,0,low,n/a,organized,6,no,no,442,"rebound from 141, analyze further"
1/1/2025,19,Brentford,50,n/a,Gabriel Jesus,blocked,0.11,right,yes,right corner,set piece,set piece,n/a,n/a,n/a,n/a,volley,0,2,close,straight,n/a,no,yes,5,low,n/a,organized,10,no,no,442,
1/1/2025,19,Brentford,50,n/a,Mikel Merino,goal,0.84,left,yes,right corner,set piece,set piece,n/a,n/a,n/a,n/a,normal,0,1,very close,straight,n/a,no,yes,2,low,n/a,organized,10,no,no,442,
1/1/2025,19,Brentford,53,6,Gabriel Martinelli,goal,0.1,right,yes,right,normal pass,positional,n/a,n/a,n/a,n/a,volley,1,2,close,straight,n/a,no,no,4,low,n/a,organized,8,no,no,442,"cross from Nwaneri on right, clearance falls to Martinelli"
1/1/2025,19,Brentford,60,6,Gabriel Jesus,off target,0.14,right,yes,left,through ball over top,positional,David Raya,through ball over top,Gabriel Martinelli,normal pass,normal,1,2,close,straight,n/a,no,yes,1,high,n/a,organized,4,no,no,442,high line broken by pass from Raya to Martinelli
1/4/2025,20,Brighton,16,5,Ethan Nwaneri,goal,0.29,left,yes,right halfspace,through ball,positional,Declan Rice,normal pass,Mikel Merino,through ball,normal,4,3,close,wide,n/a,no,yes,1,high,n/a,organized,4,no,no,4231,
1/4/2025,20,Brighton,40,n/a,Gabriel Jesus,off target,0.5,head,no,left corner,set piece,set piece,n/a,n/a,Declan Rice,corner,header,0,1,very close,straight,n/a,no,yes,2,mid,n/a,organized,6,no,no,4231,
1/4/2025,20,Brighton,79,5,Declan Rice,saved,0.03,right,yes,left halfspace,dribble,positional,Martin Odegaard,normal pass,Mikel Merino,normal pass,normal,1,5,medium,straight,n/a,no,yes,4,low,n/a,organized,8,no,no,4231,
1/4/2025,20,Brighton,89,n/a,Thomas Partey,off target,0.15,head,no,free kick,set piece,set piece,n/a,n/a,Declan Rice,cross from free kick,header,0,2,close,straight,n/a,no,no,0,low,n/a,organized,8,no,no,4231,
1/4/2025,20,Brighton,93,7,Leandro Trossard,off target,0.04,right,yes,left halfspace,normal pass,positional,Mikel Merino,normal pass,Gabriel Jesus,normal pass,normal,4,4,close,wide,Leandro Trossard,no,yes,2,mid,n/a,organized,6,no,no,4231,
1/15/2025,21,Tottenham Hotspur,13,4,Leandro Trossard,blocked,0.39,right,yes,right halfspace,through ball over top,positional,Martin Odegaard,through ball over top,Declan Rice,cutback,normal,0,2,close,straight,n/a,no,yes,1,mid,n/a,organized,7,no,no,4231,
1/15/2025,21,Tottenham Hotspur,13,7,Thomas Partey,blocked,0.03,right,yes,right halfspace,recovery,positional,n/a,n/a,n/a,n/a,normal,0,5,medium,straight,n/a,no,yes,4,low,n/a,organized,8,no,no,4231,
1/15/2025,21,Tottenham Hotspur,40,n/a,Gabriel,goal,,head,no,left corner,set piece,set piece,n/a,n/a,Declan Rice,corner,header,0,1,very close,narrow,n/a,no,yes,2,low,n/a,organized,7,no,no,4231,"own goal by Solanke, but Gabriel had major contribution to it, so we'll count it as his"
1/15/2025,21,Tottenham Hotspur,44,3,Leandro Trossard,goal,0.11,left,no,middle,through ball,transition,Thomas Partey,duel,Martin Odegaard,through ball,normal,2,4,close,wide,n/a,no,yes,2,high,n/a,organized,4,yes,no,4231,
1/15/2025,21,Tottenham Hotspur,53,n/a,Kai Havertz,off target,0.4,head,no,right corner,set piece,set piece,n/a,n/a,Martin Odegaard,corner,header,0,1,very close,straight,n/a,no,yes,2,low,n/a,organized,8,no,no,4231,
1/15/2025,21,Tottenham Hotspur,56,8,Kai Havertz,saved,0.26,head,no,right halfspace,dribble,positional,n/a,n/a,Thomas Partey,floated cross,header,0,2,close,straight,n/a,no,no,0,low,n/a,organized,8,no,no,4231,great drive from odegaard into box to attract pressure
1/15/2025,21,Tottenham Hotspur,59,5,Leandro Trossard,off target,0.08,right,yes,right,dribble,positional,n/a,n/a,Raheem Sterling,floated cross,volley,1,4,close,wide,n/a,no,yes,2,mid,n/a,organized,6,no,no,4231,
1/15/2025,21,Tottenham Hotspur,73,5,Declan Rice,saved,0.09,right,yes,middle,through ball,transition,Leandro Trossard,normal pass,Martin Odegaard,through ball,normal,5,5,medium,straight,Declan Rice,no,yes,2,high,n/a,organized,4,yes,no,4231,
1/15/2025,21,Tottenham Hotspur,74,9,Martin Odegaard,saved,0.09,left,yes,right halfspace,normal pass,positional,Thomas Partey,normal pass,Gabriel Martinelli,normal pass,normal,5,3,close,wide,n/a,no,yes,2,mid,n/a,organized,6,no,no,4231,
1/15/2025,21,Tottenham Hotspur,84,9,Martin Odegaard,off target,0.51,left,yes,right,dribble,transition,Martin Odegaard,normal pass,Kieran Tierney,driven cross,normal,1,2,close,straight,n/a,no  ,yes,2,mid,n/a,organized,6,yes,no,4231,
1/18/2025,22,Aston Villa,3,4,Gabriel Martinelli,saved,0.05,right,yes,left,normal pass,positional,Kai Havertz,normal pass,Declan Rice,floated cross,volley,0,1,very close,narrow,n/a,no,no,0,mid,n/a,organized,4,no,no,4231,
1/18/2025,22,Aston Villa,18,5,Leandro Trossard,saved,0.03,right,yes,middle,normal pass,positional,n/a,n/a,Kai Havertz,normal pass,normal,4,7,medium,wide,n/a,no,yes,4,low,n/a,organized,8,no,no,4231,
1/18/2025,22,Aston Villa,35,5,Gabriel Martinelli,goal,0.56,right,yes,left,normal pass,positional,Myles Lewis-Skelly,normal pass,Leandro Trossard,floated cross,volley,0,1,very close,straight,n/a,no,no,0,mid,n/a,organized,8,no,no,4231,
1/18/2025,22,Aston Villa,39,6,Leandro Trossard,off target,0.08,right,yes,right,normal pass,positional,Gabriel Martinelli,normal pass,Thomas Partey,normal pass,normal,0,3,close,wide,n/a,no,yes,1,low,n/a,organized,8,no,no,4231,
1/18/2025,22,Aston Villa,40,10,Mikel Merino,off target,0.08,left,yes,left,dribble,positional,Kai Havertz,normal pass,Thomas Partey,normal pass,finesse,1,3,close,wide,n/a,no,no,1,low,n/a,organized,7,no,no,4231,
1/18/2025,22,Aston Villa,48,n/a,Kai Havertz,off target,0.06,head,no,free kick,set piece,set piece,n/a,n/a,Martin Odegaard,cross from free kick,header,0,2,close,straight,n/a,no,yes,1,low,n/a,organized,1,no,no,4231,
1/18/2025,22,Aston Villa,55,5,Kai Havertz,goal,0.35,left,yes,left,dribble,positional,Gabriel,normal pass,Leandro Trossard,driven cross,volley,0,2,close,straight,n/a,no,yes,0,mid,n/a ,organized,7,no,no,4231,
1/18/2025,22,Aston Villa,65,n/a,Gabriel Martinelli,off target,0.05,right,yes,right corner,set piece,set piece,n/a,n/a,Gabriel,duel,volley,0,6,medium,straight,n/a,no,yes,4,low,n/a,organized,10,no,no,4231,
1/18/2025,22,Aston Villa,65,n/a,Leandro Trossard,blocked,0.01,right,yes,right corner,set piece,set piece,n/a,n/a,Gabriel,through ball over top,volley,0,2,close,straight,n/a,no,yes,1,low,n/a,organized,8,no,no,4231,same play as row 169
1/18/2025,22,Aston Villa,74,4,Declan Rice,off target,0.02,right,yes,left,dribble,positional,Gabriel,normal pass,Leandro Trossard,normal pass,finesse,1,7,medium,wide,n/a,no,yes,2,low,n/a,organized,8,no,no,4231,
1/18/2025,22,Aston Villa,91,4,Mikel Merino,off target,0.09,left,yes,left halfspace,through ball over top,positional,Leandro Trossard,driven cross,Martin Odegaard,normal pass,normal,1,2,close,straight,n/a,no,yes,3,low,n/a,organized,8,no,no,4231,
1/25/2025,23,Wolves,19,7,Kai Havertz,off target,0.06,head,no,middle,normal pass,positional,Gabriel Martinelli,normal pass,Leandro Trossard,floated cross,header,0,2,close,straight,n/a,no,yes,1,mid,n/a,organized,6,no,no,343,
1/25/2025,23,Wolves,24,3,Kai Havertz,saved,0.29,head,no,left halfspace,dribble,positional,Declan Rice,normal pass,Leandro Trossard,floated cross,header,0,2,close,straight,n/a,no,no,0,high,n/a,organized,4,no,no,343,broke press well
1/25/2025,23,Wolves,53,4,Declan Rice,saved,0.05,right,yes,middle,normal pass,positional,Thomas Partey,normal pass,Gabriel Martinelli,normal pass,normal,1,3,close,wide,n/a,no,yes,1,mid,n/a,organized,3,no,no,343,playing with 10 men
1/25/2025,23,Wolves,62,n/a,Kai Havertz,off target,0.13,head,no,free kick,set piece,set piece,n/a,n/a,Declan Rice,cross from free kick,header,0,2,close,straight,n/a,no,yes,1,low,n/a,organized,9,no,no,343,playing with 10 men
1/25/2025,23,Wolves,74,9,Riccardo Calafiori,goal,0.06,left,yes,right,dribble,positional,n/a,n/a,n/a,n/a,volley,0,4,close,straight,n/a,no,yes,2,low,n/a,organized,6,no,no,343,"playing with 10 men. cross from Martinelli, clearance falls to Calafiori. "
2/2/2025,24,Manchester City,2,3,Martin Odegaard,goal,0.43,left,yes,middle,recovery,transition,Declan Rice,normal pass,Kai Havertz,cutback,normal,0,2,close,straight,n/a,no,yes,1,mid,n/a,disjointed,2,yes,yes,343,
2/2/2025,24,Manchester City,26,2,Kai Havertz,off target,0.4,left,yes,middle,recovery,transition,n/a,n/a,Declan Rice,duel,normal,1,2,close,straight,n/a,no,no,1,mid,n/a,disjointed,2,yes,yes,343,
2/2/2025,24,Manchester City,57,3,Thomas Partey,goal,0.04,right,yes,middle,recovery,positional,n/a,n/a,n/a,n/a,normal,3,6,medium,wide,n/a,no,no,1,mid,n/a,organized,5,no,yes,343,foden gave ball  away to partey when they were about to break
2/2/2025,24,Manchester City,62,3,Myles Lewis-Skelly,goal,0.09,right,no,left,normal pass,positional,Gabriel,normal pass,Declan Rice,normal pass,normal,3,2,close,wide,n/a,no,yes,2,low,n/a,organized,6,no,no,343,
2/2/2025,24,Manchester City,76,5,Kai Havertz,goal,0.13,left,yes,left halfspace,dribble,transition,Thomas Partey,through ball,Gabriel Martinelli,normal pass,normal,2,2,close,wide,n/a,no,yes,1,high,n/a,organized,5,yes,no,343,
2/2/2025,24,Manchester City,93,4,Ethan Nwaneri,goal,0.05,left,yes,right,long pass,positional,Gabriel,normal pass,Declan Rice,long pass,finesse,4,6,medium,wide,Ethan Nwaneri,no,no,1,mid,n/a,organized,6,no,no,343,
2/15/2025,25,Leicester City,8,10,Leandro Trossard,saved,0.34,right,yes,middle,through ball over top,positional,n/a,n/a,Martin Odegaard,through ball over top,volley,0,1,very close,wide,n/a,no,no,0,mid,n/a,organized,6,no,no,343,
2/15/2025,25,Leicester City,35,3,Raheem Sterling,deflected off target,0.03,right,yes,middle,recovery,transition,n/a,n/a,n/a,n/a,normal,5,5,medium,straight,n/a,no,yes,1,mid,n/a,organized,0,yes,no,343,
2/15/2025,25,Leicester City,76,3,Ethan Nwaneri,off target,0.05,right,no,middle,dribble,positional,Mikel Merino,normal pass,Declan Rice,normal pass,normal,3,3,close,wide,n/a,no,no,1,high,n/a,organized,3,no,no,343,
2/15/2025,25,Leicester City,81,10,Mikel Merino,goal,0.43,head,no,right halfspace,normal pass,positional,Jurrien Timber,normal pass,Ethan Nwaneri,floated cross,header,0,2,close,straight,n/a,no,no,0,low,n/a,organized,8,no,no,343,
2/15/2025,25,Leicester City,87,5,Mikel Merino,goal,0.54,left,yes,left,dribble,transition,Riccardo Calafiori,normal pass,Leandro Trossard,driven cross,normal,0,2,close,straight,Leandro Trossard,no,no,0,high,n/a,organized,6,yes,no,343,
2/22/2025,26,West Ham,14,10,Mikel Merino,off target,0.37,left,yes,right halfspace,normal pass,positional,Gabriel,normal pass,Thomas Partey,through ball over top,volley,0,1,very close,straight,n/a,no,yes,0,low,n/a,organized,5,no,no,532,
2/22/2025,26,West Ham,22,10,Riccardo Calafiori,saved,0.05,left,yes,right,recovery,positional,Martin Odegaard,normal pass,Mikel Merino,normal pass,normal,0,7,medium,wide,n/a,no,yes,2,low,n/a,organized,7,no,no,532,
2/22/2025,26,West Ham,39,n/a,Declan Rice,blocked,0.04,right,yes,left corner,recovery,positional,Mikel Merino,normal pass,Riccardo Calafiori,normal pass,normal,0,4,close,wide,n/a,no,yes,2,low,n/a,organized,9,no,no,532,
2/22/2025,26,West Ham,62,5,Oleksandr ZInchenko,blocked,0.06,left,yes,right halfspace,normal pass,positional,Oleksander Zinchenko,,Leandro Trossard,driven cross,volley,0,2,close,straight,n/a,no,yes,1,low,n/a,organized,8,no,no,532,
2/22/2025,26,West Ham,62,6,Oleksandr ZInchenko,blocked,0.05,right,no,right halfspace,normal pass,positional,n/a,n/a,Martin Odegaard,duel,normal,0,2,close,straight,n/a,no,yes,2,low,n/a,organized,8,no,no,532,took place right after row 192
2/22/2025,26,West Ham,63,4,Leandro Trossard,saved,0.05,right,yes,right halfspace,normal pass,positional,Thomas Partey,normal pass,Martin Odegaard,normal pass,normal,2,4,close,wide,n/a,no,yes,2,low,n/a,organized,9,no,no,532,
2/22/2025,26,West Ham,63,10,Leandro Trossard,off target,0.06,right,yes,right halfspace,normal pass,positional,Myles Lewis-Skelly,normal pass,Ethan Nwaneri,through ball over top,volley,0,1,very close,narrow,n/a,no,no,0,low,n/a,organized,6,no,no,532,
2/22/2025,26,West Ham,96,10,Benjamin White,off target,0.06,right,yes,left halfspace,normal pass,positional,Gabriel,normal pass,Martin Odegaard,through ball,normal,0,3,close,narrow,n/a,no,no,1,low,right,organized,9,no,no,532,playing with 10 men
2/26/2025,27,Nottingham Forest,10,4,Declan Rice,blocked,0.08,right,yes,left halfspace,dribble,positional,Gabriel,normal pass,Leandro Trossard,normal pass,normal,6,2,close,wide,Declan Rice,no,yes,1,mid,n/a,organized,7,no,no,532,
2/26/2025,27,Nottingham Forest,16,8,Declan Rice,deflected off target,0.03,right,yes,left,normal pass,positional,Gabriel,normal pass,Leandro Trossard,normal pass,normal,2,7,medium,straight,n/a,no,no,2,low,n/a,organized,7,no,no,532,
2/26/2025,27,Nottingham Forest,23,3,Riccardo Calafiori,off target,0.06,right,no,left,through ball,positional,Gabriel,normal pass,Leandro Trossard,through ball,finesse,3,4,close,narrow,Riccardo Calafiori,no,no,1,mid,n/a,organized,7,no,no,532,
2/26/2025,27,Nottingham Forest,41,8,Ethan Nwaneri,deflected off target,0.11,left,yes,left,dribble,positional,Jorginho,normal pass,Riccardo Calafiori,normal pass,normal,2,4,very close,narrow,Ethan Nwaneri,no,yes,0,low,n/a,organized,6,no,no,532,
2/26/2025,27,Nottingham Forest,51,n/a,Mikel Merino,saved,0.21,head,no,left corner,set piece,set piece,n/a,n/a,Declan Rice,corner,header,0,1,very close,wide,n/a,no,no,1,low,n/a,organized,10,no,no,532,
2/26/2025,27,Nottingham Forest,55,n/a,Kieran Tierney,off target,0.54,head,no,right corner,set piece,set piece,n/a,n/a,Martin Odegaard,corner,header,0,1,very close,straight,n/a,no,yes,1,low,n/a,organized,10,no,no,532,
2/26/2025,27,Nottingham Forest,79,n/a,Mikel Merino,blocked,0.04,head,no,left corner,set piece,set piece,n/a,n/a,Declan Rice,corner,header,0,1,very close,narrow,n/a,no,yes,2,low,n/a,organized,10,no,no,532,
3/9/2025,28,Manchester United,10,5,Mikel Merino,off target,0.1,left,yes,middle,dribble,positional,Declan Rice,normal pass,Martin Odegaard,normal pass,normal,2,2,close,straight,n/a,yes,yes,2,mid,n/a,organized,8,no,no,532,
3/9/2025,28,Manchester United,20,2,Martin Odegaard,saved,0.03,left,yes,middle,normal pass,positional,Riccardo Calafiori,normal pass,Thomas Partey,normal pass,normal,2,5,medium,straight,n/a,no,yes,2,mid,n/a,organized,3,no,no,532,left wide open in the midfield
3/9/2025,28,Manchester United,32,2,Leandro Trossard,off target,0.04,right,yes,right halfspace,normal pass,positional,Riccardo Calafiori,normal pass,Gabriel,normal pass,normal,1,7,medium,straight,n/a,no,yes,2,mid,n/a,organized,2,no,no,532,
3/9/2025,28,Manchester United,34,4,Leandro Trossard,saved,0.4,left,no,right halfspace,through ball over top,positional,Jurrien Timber,normal pass,Martin Odegaard,through ball over top,volley,0,2,close,wide,n/a,no,no,0,mid,n/a,organized,6,no,no,532,
3/9/2025,28,Manchester United,35,4,Martin Odegaard,blocked,0.06,left,yes,middle,normal pass,transition,Ethan Nwaneri,normal pass,Mikel Merino,normal pass,normal,4,5,medium,straight,n/a,no,yes,2,mid,n/a,organized,5,no,no,532,
3/9/2025,28,Manchester United,52,n/a,Declan Rice,off target,0.02,right,yes,right corner,set piece,set piece,n/a,n/a,Martin Odegaard,corner,volley,0,2,close,straight,n/a,no,no,4,low,n/a,organized,10,no,no,532,
3/9/2025,28,Manchester United,66,n/a,Leandro Trossard,off target,0.04,right,yes,right corner,set piece,set piece,Gabriel Martinelli,normal pass,Martin Odegaard,normal pass,normal,3,5,medium,straight,Leandro Trossard,no,yes,5,low,n/a,organized,7,no,no,532,
3/9/2025,28,Manchester United,74,5,Declan Rice,goal,0.06,right,yes,right,dribble,positional,Gabriel Martinelli,normal pass,Jurrien Timber,normal pass,normal,0,2,close,wide,Jurrien Timber,no,no,2,low,n/a,organized,10,no,no,532,
3/9/2025,28,Manchester United,82,3,Gabriel Martinelli,saved,0.29,right,yes,right halfspace,through ball over top,positional,Gabriel,normal pass,Mikel Merino,through ball over top,normal,2,3,close,narrow,n/a,no,no,0,high,n/a,organized,6,no,no,532,
3/9/2025,28,Manchester United,85,3,Leandro Trossard,off target,0.1,left,no,left,normal pass,transition,Myles Lewis-Skelly,through ball,Kieran Tierney,driven cross,normal,0,2,close,straight,n/a,no,no,2,high,n/a,organized,6,no,no,532,
3/9/2025,28,Manchester United,92,6,Martin Odegaard,saved,0.1,left,yes,left,normal pass,positional,Myles Lewis-Skelly,normal pass,Leandro Trossard,normal pass,normal,0,2,close,straight,n/a,no,no,1,mid,n/a,organized,6,no,no,532,
3/16/2025,29,Chelsea,3,6,Leandro Trossard,off target,0.08,right,yes,right,through ball,positional,Jurrien Timber,through ball,Gabriel Martinelli,cutback,normal,2,2,close,straight,n/a,no,yes,2,mid,n/a,organized,7,no,no,4231,
3/16/2025,29,Chelsea,9,5,Gabriel Martinelli,saved,0.05,right,yes,left halfspace,recovery,transition,n/a,n/a,n/a,n/a,normal,6,4,close,wide,n/a,no,yes,1,high,n/a,organized,4,yes,no,4231,
3/16/2025,29,Chelsea,12,n/a,Declan Rice,off target,0.08,right,yes,right halfspace,recovery,positional,n/a,n/a,n/a,n/a,normal,0,2,close,straight,n/a,no,no,4,mid,n/a,organized,5,yes,no,4231,
3/16/2025,29,Chelsea,13,3,Declan Rice,off target,0.01,right,yes,right halfspace,normal pass,positional,Martin Odegaard,normal pass,Gabriel Martinelli,normal pass,normal,1,8,far,straight,n/a,no,yes,2,mid,n/a,organized,0,no,no,4231,
3/16/2025,29,Chelsea,18,8,Leandro Trossard,off target,0.06,right,yes,right,dribble,positional,n/a,n/a,n/a,n/a,normal,1,4,close,straight,Jurrien Timber,no,no,2,low,n/a,organized,8,no,no,4231,deflected cross from Timber falls to Trossard
3/16/2025,29,Chelsea,20,n/a,Mikel Merino,goal,0.05,head,no,right corner,set piece,set piece,n/a,n/a,Martin Odegaard,corner,header,0,1,very close,narrow,n/a,no,yes,3,low,n/a,organized,10,no,no,4231,
3/16/2025,29,Chelsea,34,4,Gabriel Martinelli,off target,0.05,right,yes,middle,normal pass,transition,Gabriel,duel,Martin Odegaard,normal pass,normal,1,3,close,wide,n/a,no,yes,1,mid,n/a,organized,4,yes,no,4231,
3/16/2025,29,Chelsea,60,9,Mikel Merino,saved,0.09,left,yes,right halfspace,recovery,positional,Leandro Trossard,normal pass,Gabriel Martinelli,floated cross,volley,0,2,close,straight,n/a,no,no,2,low,n/a,organized,7,no,no,4231,
3/16/2025,29,Chelsea,64,5,Martin Odegaard,saved,0.1,left,yes,left,through ball,positional,Mikel Merino,through ball,Declan Rice,normal pass,normal,1,2,close,straight,n/a,no,no,1,mid,n/a,organized,6,no,no,4231,
4/1/2025,30,Fulham,6,4,Declan Rice,blocked,0.08,right,yes,left,dribble,positional,n/a,n/a,Gabriel Martinelli,cutback,normal,0,4,close,wide,Gabriel Martinelli,no,yes,2,low,n/a,organized,8,no,no,541,
4/1/2025,30,Fulham,6,6,Thomas Partey,off target,0.05,right,yes,left,dribble,positional,n/a,n/a,n/a,n/a,normal,1,5,medium,straight,Gabriel Martinelli,no,yes,4,low,n/a,organized,8,no,no,541,
4/1/2025,30,Fulham,21,7,Ethan Nwaneri,saved,0.05,left,yes,left,dribble,positional,Myles Lewis-Skelly,normal pass,Gabriel Martinelli,floated cross,volley,0,2,close,straight,Gabriel Martinelli,no,yes,1,low,n/a,organized,7,no,no,541,
4/1/2025,30,Fulham,37,5,Mikel Merino,goal,0.08,right,no,right halfspace,through ball,positional,Jurrien Timber,through ball,Ethan Nwaneri,cutback,normal,3,2,close,straight,n/a,no,yes,3,mid,n/a,organized,8,no,no,541,
4/1/2025,30,Fulham,51,7,Martin Odegaard,off target,0.12,left,yes,left halfspace,normal pass,transition,Mikel Merino,normal pass,Gabriel Martinelli,cutback,normal,0,2,close,straight,Gabriel Martinelli,no,yes,1,high,n/a,organized,5,yes,no,541,
4/1/2025,30,Fulham,54,4,Jurrien Timber,saved,0.32,right,yes,right halfspace,dribble,positional,Jurrien Timber,normal pass,Martin Odegaard,through ball,normal,0,1,very close,wide,n/a,yes,no,0,low,n/a,organized,8,no,no,541,great 1-2
4/1/2025,30,Fulham,58,n/a,William Saliba,off target,0.05,head,no,free kick,set piece,set piece,n/a,n/a,Martin Odegaard,cross from free kick,header,0,2,close,straight,n/a,no,yes,0,low,n/a,organized,10,no,no,541,
4/1/2025,30,Fulham,60,n/a,Gabriel Martinelli,deflected off target,0.13,head,no,left corner,set piece,set piece,n/a,n/a,Declan Rice,corner,header,0,2,very close,narrow,n/a,no,no,3,low,n/a,organized,10,no,no,541,
4/1/2025,30,Fulham,61,n/a,Mikel Merino,blocked,0.03,left,yes,right corner,set piece,set piece,n/a,n/a,n/a,n/a,volley,0,2,close,straight,n/a,no,yes,5,low,n/a,organized,10,no,no,541,
4/1/2025,30,Fulham,63,n/a,Gabriel Martinelli,saved,0.11,head,no,right halfspace,set piece,positional,Myles Lewis-Skelly,normal pass,Ethan Nwaneri,floated cross,header,0,2,close,straight,n/a,no,yes,0,low,n/a,organized,7,no,no,541,
4/1/2025,30,Fulham,73,5,Bukayo Saka,goal,0.93,head,no,left halfspace,dribble,transition,Mikel Merino,normal pass,Gabriel Martinelli,floated cross,header,0,1,very close,straight,n/a,yes,no,0,mid,n/a,organized,5,yes,no,541,
4/1/2025,30,Fulham,93,n/a,Declan Rice,off target,0.03,right,yes,right corner,set piece,set piece,n/a,n/a,n/a,n/a,volley,0,2,close,straight,n/a,no,no,4,low,n/a,organized,10,no,no,541,clearance from corner fell to Rice
4/5/2025,31,Everton,2,4,Raheem Sterling,blocked,0.13,right,yes,right,dribble,positional,Leandro Trossard,normal pass,Ben White,cutback,normal,0,2,close,straight,n/a,no,no,2,low,n/a,organized,9,no,no,4231,
4/5/2025,31,Everton,34,4,Leandro Trossard,goal,0.11,left,no,middle,dribble,transition,Declan Rice,duel,Raheem Sterling,normal pass,normal,3,4,close,wide,n/a,no,yes,2,high,n/a,organized,5,no,no,4231,
4/5/2025,31,Everton,48,4,Leandro Trossard,saved,0.33,right,yes,left halfspace,through ball over top,positional,William Saliba,normal pass,Jakub Kiwior,through ball over top,normal,1,1,very close,wide,n/a,no,yes,0,mid,n/a,organized,3,no,no,4231,
4/5/2025,31,Everton,64,n/a,Declan Rice,saved,0.12,right,yes,free kick,set piece,set piece,n/a,n/a,n/a,n/a,free kick,0,5,medium,straight,n/a,no,no,8,low,n/a,organized,10,no,no,4231,
4/5/2025,31,Everton,84,4,Gabriel Martinelli,saved,0.06,right,yes,left,dribble,positional,Jakub Kiwior,normal pass,Kieran Tierney,normal pass,normal,6,4,close,wide,Gabriel Martinelli,no,yes,2,low,n/a,organized,8,no,no,4231,
4/5/2025,31,Everton,89,6,Mikel Merino,off target,0.05,head,no,left,normal pass,positional,Gabriel Martinelli,normal pass,Kieran Tierney,floated cross,header,0,2,close,straight,n/a,no,yes,1,low,n/a,organized,9,no,no,4231,
4/12/2025,32,Brentford,9,10,Ethan Nwaneri,blocked,0.06,left,yes,right,normal pass,positional,Thomas Partey,floated cross,Declan Rice,normal pass,normal,2,2,close,straight,n/a,no,yes,2,low,n/a,organized,9,no,no,4231,
4/12/2025,32,Brentford,33,n/a,Oleksandr ZInchenko,off target,0.02,left,yes,right corner,set piece,set piece,n/a,n/a,n/a,n/a,normal,5,3,close,wide,n/a,no,yes,2,low,n/a,organized,10,no,no,4231,corner played short
4/12/2025,32,Brentford,41,5,Declan Rice,saved,0.04,left,no,left halfspace,dribble,positional,n/a,n/a,Leandro Trossard,normal pass,normal,8,4,close,narrow,Declan Rice,no,no,1,low,n/a,organized,8,no,no,4231,
4/12/2025,32,Brentford,47,3,Leandro Trossard,blocked,0.02,right,yes,middle,dribble,positional,Oleksander Zinchenko,normal pass,William Saliba,normal pass,normal,2,8,far,straight,n/a,no,yes,2,mid,n/a,organized,0,no,no,4231,
4/12/2025,32,Brentford,61,3,Thomas Partey,goal,0.3,right,yes,middle,dribble,transition,David Raya,normal pass,Declan Rice,through ball,normal,0,3,close,straight,n/a,no,no,0,high,n/a,disjointed,5,yes,no,4231,
4/12/2025,32,Brentford,96,3,Bukayo Saka,off target,0.03,left,yes,right halfspace,normal pass,positional,Myles Lewis-Skelly,normal pass,Jakub Kiwior,normal pass,finesse,4,6,medium,wide,n/a,no,yes,2,mid,n/a,organized,6,no,no,4231,
4/20/2025,33,Ipswich Town,6,5,Leandro Trossard,blocked,0.14,right,yes,right,dribble,positional,Martin Odegaard,through ball,Bukayo Saka,cutback,normal,1,2,close,straight,n/a,yes,yes,1,low,n/a,organized,8,no,no,4411,
4/20/2025,33,Ipswich Town,14,4,Leandro Trossard,goal,0.11,right,yes,right halfspace,dribble,positional,Bukayo Saka,cutback,Martin Odegaard,normal pass,normal,1,2,close,straight,n/a,no,yes,3,mid,n/a,organized,6,no,no,4411,
4/20/2025,33,Ipswich Town,24,n/a,Mikel Merino,off target,0.37,head,no,right corner,set piece,set piece,n/a,n/a,Bukayo Saka,corner,header,0,1,very close,wide,n/a,no,no,0,low,n/a,organized,10,no,no,4411,
4/20/2025,33,Ipswich Town,28,5,Gabriel Martinelli,goal,0.52,right,yes,right,dribble,positional,Bukayo Saka,normal pass,Mikel Merino,through ball,normal,0,2,close,straight,Bukayo Saka,yes,no,0,high,n/a,organized,7,no,no,4411,
4/20/2025,33,Ipswich Town,36,4,Bukayo Saka,off target,0.05,left,yes,right halfspace,normal pass,positional,Ben White,normal pass,Martin Odegaard,normal pass,finesse,4,3,close,wide,n/a,no,yes,3,low,n/a,organized,7,no,no,4411,
4/20/2025,33,Ipswich Town,38,3,Bukayo Saka,off target,0.46,left,yes,right halfspace,normal pass,positional,Martin Odegaard,normal pass,Mikel Merino,through ball,normal,1,2,close,straight,n/a,yes,yes,0,mid,n/a,organized,5,no,no,4411,
4/20/2025,33,Ipswich Town,44,4,Bukayo Saka,off target,0.14,right,no,right halfspace,dribble,positional,Martin Odegaard,normal pass,Leandro Trossard,driven cross,normal,0,2,close,straight,Martin Odegaard,no,yes,1,mid,n/a,organized,6,no,no,4411,
4/20/2025,33,Ipswich Town,69,n/a,Leandro Trossard,goal,0.06,right,yes,left corner,set piece,set piece,Martin Odegaard,normal pass,Declan Rice,normal pass,normal,2,4,close,wide,n/a,no,yes,2,low,n/a,organized,10,no,no,4411,corner taken short
4/20/2025,33,Ipswich Town,80,5,Myles Lewis-Skelly,deflected off target,0.1,right,no,middle,normal pass,positional,Martin Odegaard,normal pass,Leandro Trossard,normal pass,normal,0,2,close,straight,n/a,yes,yes,2,low,n/a,organized,8,no,no,4411,
4/20/2025,33,Ipswich Town,87,9,Martin Odegaard,off target,0.03,left,yes,right,normal pass,positional,Martin Odegaard,normal pass,Ben White,normal pass,normal,2,6,medium,straight,Martin Odegaard,no,yes,2,low,n/a,organized,7,no,no,4411,
4/20/2025,33,Ipswich Town,87,5,Nathan Butler-Oyedeji,saved,0.09,right,yes,middle,normal pass,positional,n/a,n/a,n/a,n/a,normal,0,2,close,straight,n/a,no,yes,2,low,n/a,organized,7,no,no,4411,intercepted pass falls to Oyedeji
4/20/2025,33,Ipswich Town,88,n/a,Ethan Nwaneri,goal,0.07,left,yes,right corner,set piece,set piece,Raheem Sterling,normal pass,Oleksander Zinchenko,normal pass,normal,4,2,close,straight,Ethan Nwaneri,no,yes,3,low,n/a,organized,10,no,no,4411,corner played short
4/23/2025,34,Crystal Palace,3,n/a,Jakub Kiwior,goal,0.12,head,no,free kick,set piece,set piece,n/a,n/a,Martin Odegaard,cross from free kick,header,0,2,close,straight,n/a,no,no,0,low,n/a,organized,8,no,no,541,
4/23/2025,34,Crystal Palace,23,6,Declan Rice,off target,0.05,right,yes,right,normal pass,positional,Leandro Trossard,normal pass,Raheem Sterling,normal pass,normal,1,5,medium,straight,n/a,no,yes,2,mid,n/a,organized,4,no,no,541,
4/23/2025,34,Crystal Palace,42,5,Leandro Trossard,goal,0.1,left,no,right,dribble,positional,Thomas Partey,normal pass,Jurrien Timber,normal pass,normal,3,2,close,straight,Jurrien Timber,no,yes,3,mid,n/a,organized,6,no,no,541,
4/23/2025,34,Crystal Palace,47,n/a,William Saliba,blocked,0.52,right,yes,free kick,set piece,set piece,n/a,n/a,n/a,n/a,normal,1,2,close,straight,n/a,no,yes,2,low,n/a,organized,9,no,no,541,
4/23/2025,34,Crystal Palace,47,n/a,Leandro Trossard,blocked,0.76,left,no,free kick,set piece,set piece,n/a,n/a,n/a,n/a,normal,0,1,very close,straight,n/a,no,yes,2,low,n/a,organized,9,no,no,541,took same play as 263
4/23/2025,34,Crystal Palace,80,7,Bukayo Saka,saved,0.42,left,yes,left,dribble,positional,Martin Odegaard,normal pass,Gabriel Martinelli,floated cross,volley,0,2,close,straight,Martin Odegaard,no,yes,1,mid,n/a,organized,8,no,no,541,
4/23/2025,34,Crystal Palace,92,5,Gabriel Martinelli,off target,0.04,left,no,left,through ball,transition,n/a,n/a,Kieran Tierney,through ball,normal,4,4,close,narrow,n/a,no,yes,0,high,n/a,organized,3,yes,no,541,quick throw in
5/3/2025,35,Bournemouth,15,3,Declan Rice,off target,0.06,left,no,middle,through ball,positional,Martin Odegaard,normal pass,Gabriel Martinelli,through ball,normal,0,4,close,wide,n/a,yes,yes,1,mid,n/a,organized,3,no,no,541,
5/3/2025,35,Bournemouth,16,3,Declan Rice,off target,0.06,right,yes,left,dribble,positional,Jakub Kiwior,normal pass,Gabriel Martinelli,cutback,volley,0,2,close,straight,Gabriel Martinelli,no,no,2,mid,n/a,organized,5,no,no,541,
5/3/2025,35,Bournemouth,27,8,Gabriel Martinelli,off target,0.08,left,no,right,recovery,transition,Leandro Trossard,normal pass,Bukayo Saka,normal pass,normal,2,2,close,straight,n/a,no,yes,2,mid,n/a,organized,6,yes,no,541,
5/3/2025,35,Bournemouth,31,7,Leandro Trossard,saved,0.12,head,no,left halfspace,normal pass,positional,Declan Rice,normal pass,Gabriel Martinelli,floated cross,header,0,2,close,straight,Gabriel Martinelli,no,yes,1,mid,n/a,organized,7,no,no,541,
5/3/2025,35,Bournemouth,34,4,Declan Rice,goal,0.58,right,yes,middle,normal pass,positional,Thomas Partey,normal pass,Martin Odegaard,through ball,normal,1,3,close,wide,n/a,no,no,1,mid,n/a,organized,4,no,no,541,
5/3/2025,35,Bournemouth,54,8,Bukayo Saka,saved,0.35,head,no,left,floated cross,positional,n/a,n/a,n/a,n/a,header,0,2,close,straight,n/a,no,no,2,low,n/a,organized,6,no,no,541,clearance  from cross falls to saka
5/3/2025,35,Bournemouth,56,5,Bukayo Saka,off target,0.08,right,no,left halfspace,normal pass,positional,Thomas Partey,normal pass,Myles Lewis-Skelly,normal pass,finesse,3,4,close,wide,Bukayo Saka,no,yes,0,low,n/a,organized,7,no,no,541,
5/3/2025,35,Bournemouth,63,7,Gabriel Martinelli,saved,0.05,right,yes,right halfspace,dribble,positional,Ben White,normal pass,Declan Rice,normal pass,normal,3,4,close,wide,n/a,no,yes,1,mid,n/a,organized,7,no,no,541,
5/11/2025,36,Liverpool,3,n/a,Bukayo Saka,off target,0.28,left,yes,free kick,set piece,set piece,n/a,n/a,Martin Odegaard,cross from free kick,volley,0,2,close,wide,n/a,no,no,0,high,n/a,organized,5,no,no,433,
5/11/2025,36,Liverpool,15,5,Leandro Trossard,blocked,0.1,right,yes,middle,recovery,transition,n/a,n/a,n/a,n/a,normal,2,2,close,straight,n/a,no,yes,2,low,n/a,organized,5,yes,yes,433,
5/11/2025,36,Liverpool,46,6,Mikel Merino,blocked,0.36,right,no,left halfspace,dribble,positional,Myles Lewis-Skelly,normal pass,Leandro Trossard,cutback,normal,0,2,close,straight,Leandro Trossard,no,yes,3,mid,n/a,organized,7,no,no,433,
5/11/2025,36,Liverpool,46,7,Gabriel Martinelli,goal,0.33,head,no,left halfspace,normal pass,positional,Martin Odegaard,normal pass,Leandro Trossard,floated cross,header,0,2,close,straight,n/a,no,no,0,mid,n/a,organized,8,no,no,433,
5/11/2025,36,Liverpool,51,10,Leandro Trossard,off target,0.06,right,yes,right,dribble,positional,Martin Odegaard,normal pass,Bukayo Saka,normal pass,normal,2,2,close,straight,Bukayo Saka,no,yes,5,low,n/a,organized,8,no,no,433,
5/11/2025,36,Liverpool,54,5,Benjamin White,saved,0.05,right,yes,right,dribble,positional,Ben White,normal pass,Bukayo Saka,normal pass,normal,5,3,close,narrow,Ben White,no,yes,0,mid,n/a,organized,5,no,no,433,
5/11/2025,36,Liverpool,61,n/a,Gabriel Martinelli,saved,0.08,left,no,free kick,set piece,set piece,n/a,n/a,n/a,n/a,normal,0,2,close,straight,n/a,no,yes,4,low,n/a,organized,10,no,no,433,clearance falls to Martinelli
5/11/2025,36,Liverpool,70,5,Martin Odegaard,saved,0.03,left,yes,right halfspace,normal pass,positional,Martin Odegaard,normal pass,Bukayo Saka,normal pass,normal,1,5,medium,straight,n/a,no,no,2,low,n/a,organized,5,no,no,433,
5/11/2025,36,Liverpool,70,7,Mikel Merino,goal,0.49,head,no,right halfspace,normal pass,positional,n/a,n/a,n/a,n/a,header,0,1,very close,straight,n/a,no,no,0,low,n/a,organized,4,no,no,433,
5/11/2025,36,Liverpool,95,4,Martin Odegaard,off target,0.05,left,yes,middle,recovery,transition,n/a,n/a,n/a,n/a,normal,9,5,medium,straight,n/a,no,yes,2,high,n/a,organized,4,no,no,433,
5/18/2025,37,Newcastle,13,7,Leandro Trossard,off target,0.1,right,yes,left,normal pass,positional,Martin Odegaard,normal pass,Myles Lewis-Skelly,normal pass,normal,11,4,close,wide,Leandro Trossard,no,yes,3,low,n/a,organized,8,no,no,541,
5/18/2025,37,Newcastle,14,n/a,Thomas Partey,saved,0.57,head,no,right corner,set piece,set piece,n/a,n/a,Bukayo Saka,corner,header,0,1,very close,straight,n/a,no,yes,1,low,n/a,organized,10,no,no,541,
5/18/2025,37,Newcastle,50,4,Myles Lewis-Skelly,deflected off target,0.06,left,yes,left,normal pass,positional,Myles Lewis-Skelly,normal pass,Leandro Trossard,normal pass,normal,2,4,close,wide,Myles Lewis-Skelly,no,no,1,low,n/a,organized,7,no,no,541,
5/18/2025,37,Newcastle,55,5,Declan Rice,goal,0.03,right,yes,right,recovery,positional,Bukayo Saka,normal pass,Martin Odegaard,normal pass,normal,0,5,medium,straight,n/a,no,no,1,mid,n/a,organized,6,no,no,541,
5/18/2025,37,Newcastle,59,5,Bukayo Saka,blocked,0.04,left,yes,right,dribble,positional,n/a,n/a,Thomas Partey,long pass,normal,11,6,medium,wide,Bukayo Saka,no,yes,2,mid,n/a,organized,6,no,no,541,
5/18/2025,37,Newcastle,61,4,Bukayo Saka,saved,0.08,left,yes,right halfspace,dribble,transition,Gabriel Martinelli,normal pass,Martin Odegaard,normal pass,normal,7,3,close,wide,n/a,no,no,1,high,n/a,organized,5,yes,no,541,
5/18/2025,37,Newcastle,69,3,Benjamin White,off target,0.03,right,yes,right halfspace,normal pass,positional,n/a,n/a,Martin Odegaard,normal pass,normal,2,8,far,wide,n/a,no,no,1,mid,n/a,organized,3,no,no,541,
5/25/2025,38,Southampton,4,6,Mikel Merino,off target,0.1,head,no,left,through ball over top,positional,Oleksander Zinchenko,through ball over top,Gabriel Martinelli,floated cross,header,0,2,close,straight,n/a,no,no,1,low,n/a,organized,9,no,no,532,
5/25/2025,38,Southampton,7,7,Raheem Sterling,off target,0.09,left,no,right,dribble,positional,Ben White,normal pass,Ethan Nwaneri,normal pass,normal,2,2,close,straight,Ethan Nwaneri,no,no,2,low,n/a,organized,9,no,no,532,
5/25/2025,38,Southampton,24,8,Mikel Merino,off target,0.06,head,no,left,normal pass,positional,Oleksander Zinchenko,normal pass,Gabriel Martinelli,floated cross,header,0,1,very close,wide,n/a,no,yes,1,low,n/a,organized,9,no,no,532,
5/25/2025,38,Southampton,27,5,Thomas Partey,saved,0.02,right,yes,left halfspace,normal pass,positional,Oleksander Zinchenko,normal pass,Declan Rice,normal pass,normal,3,8,far,straight,n/a,no,no,3,low,n/a,organized,6,no,no,532,
5/25/2025,38,Southampton,41,3,Gabriel Martinelli,saved,0.29,right,yes,middle,through ball over top,positional,Thomas Partey,normal pass,Kieran Tierney,through ball over top,normal,2,2,close,straight,n/a,no,yes,0,high,n/a,organized,1,no,no,532,
5/25/2025,38,Southampton,43,5,Kieran Tierney,goal,0.44,right,no,right,through ball,positional,Gabriel Martinelli,through ball,Ben White,driven cross,normal,0,1,very close,wide,n/a,no,yes,1,low,n/a,organized,8,no,no,532,
5/25/2025,38,Southampton,59,3,Gabriel Martinelli,blocked,0.15,right,yes,right,through ball,positional,Ethan Nwaneri,through ball,Ben White,driven cross,normal,0,1,very close,straight,n/a,yes,yes,2,low,n/a,organized,10,no,no,532,
5/25/2025,38,Southampton,67,6,Oleksandr Zinchenko,blocked,0.14,left,yes,left halfspace,through ball,positional,Gabriel Martinelli,driven cross,Bukayo Saka,cutback,normal,0,2,close,straight,n/a,no,no,4,mid,n/a,organized,6,no,no,532,
5/25/2025,38,Southampton,76,4,Mikel Merino,blocked,0.06,left,yes,left halfspace,dribble,positional,n/a,n/a,n/a,n/a,volley,1,2,close,straight,n/a,no,yes,3,low,n/a,organized,9,no,no,532,
5/25/2025,38,Southampton,76,5,Declan Rice,saved,0.4,right,yes,left halfspace,dribble,positional,n/a,n/a,n/a,n/a,normal,1,2,close,straight,n/a,no,yes,1,low,n/a,organized,9,no,no,532,
5/25/2025,38,Southampton,90,9,Martin Odegaard,goal,0.02,left,yes,right halfspace,dribble,transition,Martin Odegaard,normal pass,Leandro Trossard,normal pass,normal,4,5,medium,straight,Martin Odegaard,no,yes,3,low,n/a,organized,5,yes,no,532,